<OverlayData>
    <MarkerCategory name="vipbd" DisplayName="ViP Party">
        <MarkerCategory name="birthday_party" DisplayName="Birthday Party Parade"/>
    </MarkerCategory>
    <POIs>
        <Trail type="vipbd.birthday_party" trailData="Parade/1 - 7th BDAY Parade - SoD.trl" texture="Data/SemiLineMid.png" color="f542e3" alpha="0.8" fadeNear="3000" fadeFar="4000" animSpeed="1" miniMapVisibility="1" mapVisibility="1"/>
        <Trail type="vipbd.birthday_party" trailData="Parade/2 - 7th BDAY Parade - SF.trl" texture="Data/SemiLineMid.png" color="42f5f5" alpha="0.8" fadeNear="3000" fadeFar="4000" animSpeed="1" miniMapVisibility="1" mapVisibility="1"/>
        <Trail type="vipbd.birthday_party" trailData="Parade/3 - 7th BDAY Parade - BC.trl" texture="Data/SemiLineMid.png" color="f542e3" alpha="0.8" fadeNear="3000" fadeFar="4000" animSpeed="1" miniMapVisibility="1" mapVisibility="1"/>
        <Trail type="vipbd.birthday_party" trailData="Parade/3 - 7th BDAY Parade - BC - LAND.trl" texture="Data/SemiLineMid.png" color="42f5f5" alpha="0.8" fadeNear="3000" fadeFar="4000" animSpeed="1" miniMapVisibility="1" mapVisibility="1"/>
        <Trail type="vipbd.birthday_party" trailData="Parade/4 - 7th BDAY Parade - LA.trl" texture="Data/SemiLineMid.png" color="f542e3" alpha="0.8" fadeNear="3000" fadeFar="4000" animSpeed="1" miniMapVisibility="1" mapVisibility="1"/>
        <Trail type="vipbd.birthday_party" trailData="Parade/5 - 7th BDAY Parade - SS.trl" texture="Data/SemiLineMid.png" color="f542e3" alpha="0.8" fadeNear="3000" fadeFar="4000" animSpeed="1" miniMapVisibility="1" mapVisibility="1"/>
        ="1" mapVisibility="1"/>
   
    </POIs>
</OverlayData>