<OverlayData>
    <MarkerCategory name="vip" DisplayName="ViP Events">
        <MarkerCategory name="hptrain" DisplayName="HP Train">
            <MarkerCategory name="hot" DisplayName="HoT"/>
			<MarkerCategory name="pof" DisplayName="PoF"/>
            <MarkerCategory name="eod" DisplayName="EoD"/>
        </MarkerCategory>
    </MarkerCategory>
    <POIs>
        <!-- HEART OF THORNS -->
        <Trail type="vip.hptrain.hot" trailData="Data/HPTrain/HoT/vb1.trl" texture="Data/SemiLineMid.png" color="ff00ff" alpha="0.8" fadeNear="3000" fadeFar="4000" animSpeed="1" miniMapVisibility="1" mapVisibility="1"/>
        <Trail type="vip.hptrain.hot" trailData="Data/HPTrain/HoT/vb2.trl" texture="Data/SemiLineMid.png" color="ff0000" alpha="0.8" fadeNear="3000" fadeFar="4000" animSpeed="1" miniMapVisibility="1" mapVisibility="1"/>
        <Trail type="vip.hptrain.hot" trailData="Data/HPTrain/HoT/vb3.trl" texture="Data/SemiLineMid.png" color="ff8c00" alpha="0.8" fadeNear="3000" fadeFar="4000" animSpeed="1" miniMapVisibility="1" mapVisibility="1"/>
        <Trail type="vip.hptrain.hot" trailData="Data/HPTrain/HoT/vb4.trl" texture="Data/SemiLineMid.png" color="eeff00" alpha="0.8" fadeNear="3000" fadeFar="4000" animSpeed="1" miniMapVisibility="1" mapVisibility="1"/>
        <Trail type="vip.hptrain.hot" trailData="Data/HPTrain/HoT/vb5.trl" texture="Data/SemiLineMid.png" color="1aff00" alpha="0.8" fadeNear="3000" fadeFar="4000" animSpeed="1" miniMapVisibility="1" mapVisibility="1"/>
        <Trail type="vip.hptrain.hot" trailData="Data/HPTrain/HoT/vb6.trl" texture="Data/SemiLineMid.png" color="00fbff" alpha="0.8" fadeNear="3000" fadeFar="4000" animSpeed="1" miniMapVisibility="1" mapVisibility="1"/>
        <Trail type="vip.hptrain.hot" trailData="Data/HPTrain/HoT/vb7.trl" texture="Data/SemiLineMid.png" color="0055ff" alpha="0.8" fadeNear="3000" fadeFar="4000" animSpeed="1" miniMapVisibility="1" mapVisibility="1"/>
        <Trail type="vip.hptrain.hot" trailData="Data/HPTrain/HoT/vb8.trl" texture="Data/SemiLineMid.png" color="aa00ff" alpha="0.8" fadeNear="3000" fadeFar="4000" animSpeed="1" miniMapVisibility="1" mapVisibility="1"/>
        <Trail type="vip.hptrain.hot" trailData="Data/HPTrain/HoT/vb9.trl" texture="Data/SemiLineMid.png" color="ff0000" alpha="0.8" fadeNear="3000" fadeFar="4000" animSpeed="1" miniMapVisibility="1" mapVisibility="1"/>
        <Trail type="vip.hptrain.hot" trailData="Data/HPTrain/HoT/ab1.trl" texture="Data/SemiLineMid.png" color="ff00ff" alpha="0.8" fadeNear="3000" fadeFar="4000" animSpeed="1" miniMapVisibility="1" mapVisibility="1"/>
        <Trail type="vip.hptrain.hot" trailData="Data/HPTrain/HoT/ab2.trl" texture="Data/SemiLineMid.png" color="fbff00" alpha="0.8" fadeNear="3000" fadeFar="4000" animSpeed="1" miniMapVisibility="1" mapVisibility="1"/>
        <Trail type="vip.hptrain.hot" trailData="Data/HPTrain/HoT/ab3.trl" texture="Data/SemiLineMid.png" color="aa00ff" alpha="0.8" fadeNear="3000" fadeFar="4000" animSpeed="1" miniMapVisibility="1" mapVisibility="1"/>
        <Trail type="vip.hptrain.hot" trailData="Data/HPTrain/HoT/ab4.trl" texture="Data/SemiLineMid.png" color="ff0000" alpha="0.8" fadeNear="3000" fadeFar="4000" animSpeed="1" miniMapVisibility="1" mapVisibility="1"/>
        <Trail type="vip.hptrain.hot" trailData="Data/HPTrain/HoT/ab5.trl" texture="Data/SemiLineMid.png" color="0008ff" alpha="0.8" fadeNear="3000" fadeFar="4000" animSpeed="1" miniMapVisibility="1" mapVisibility="1"/>
        <Trail type="vip.hptrain.hot" trailData="Data/HPTrain/HoT/td1.trl" texture="Data/SemiLineMid.png" color="ff00ff" alpha="0.8" fadeNear="3000" fadeFar="4000" animSpeed="1" miniMapVisibility="1" mapVisibility="1"/>
        <Trail type="vip.hptrain.hot" trailData="Data/HPTrain/HoT/td2.trl" texture="Data/SemiLineMid.png" color="00ff0d" alpha="0.8" fadeNear="3000" fadeFar="4000" animSpeed="1" miniMapVisibility="1" mapVisibility="1"/>

  <!-- PATH OF FIRE -->
        <Trail type="vip.hptrain.pof" trailData="Data/HPTrain/PoF/PoF_CD_1.trl" texture="Data/SemiLineMid.png" color="0000ff" alpha="0.8" fadeNear="3000" fadeFar="4000" animSpeed="1" miniMapVisibility="1" mapVisibility="1"/>
        <Trail type="vip.hptrain.pof" trailData="Data/HPTrain/PoF/PoF_CD_2.trl" texture="Data/SemiLineMid.png" color="00ff00" alpha="0.8" fadeNear="3000" fadeFar="4000" animSpeed="1" miniMapVisibility="1" mapVisibility="1"/>
        <Trail type="vip.hptrain.pof" trailData="Data/HPTrain/PoF/PoF_D_1.trl" texture="Data/SemiLineMid.png" color="0000ff" alpha="0.8" fadeNear="3000" fadeFar="4000" animSpeed="1" miniMapVisibility="1" mapVisibility="1"/>
		<Trail type="vip.hptrain.pof" trailData="Data/HPTrain/PoF/PoF_D_2.trl" texture="Data/SemiLineMid.png" color="00ff00" alpha="0.8" fadeNear="3000" fadeFar="4000" animSpeed="1" miniMapVisibility="1" mapVisibility="1"/>
        <Trail type="vip.hptrain.pof" trailData="Data/HPTrain/PoF/PoF_D_3.trl" texture="Data/SemiLineMid.png" color="ff0000" alpha="0.8" fadeNear="3000" fadeFar="4000" animSpeed="1" miniMapVisibility="1" mapVisibility="1"/>
        <Trail type="vip.hptrain.pof" trailData="Data/HPTrain/PoF/PoF_D_4.trl" texture="Data/SemiLineMid.png" color="ff00a6" alpha="0.8" fadeNear="3000" fadeFar="4000" animSpeed="1" miniMapVisibility="1" mapVisibility="1"/>
		<Trail type="vip.hptrain.pof" trailData="Data/HPTrain/PoF/PoF_D_5.trl" texture="Data/SemiLineMid.png" color="fffb00" alpha="0.8" fadeNear="3000" fadeFar="4000" animSpeed="1" miniMapVisibility="1" mapVisibility="1"/>
        <Trail type="vip.hptrain.pof" trailData="Data/HPTrain/PoF/PoF_DH_1.trl" texture="Data/SemiLineMid.png" color="0000ff" alpha="0.8" fadeNear="3000" fadeFar="4000" animSpeed="1" miniMapVisibility="1" mapVisibility="1"/>
        <Trail type="vip.hptrain.pof" trailData="Data/HPTrain/PoF/PoF_DH_2.trl" texture="Data/SemiLineMid.png" color="00ff00" alpha="0.8" fadeNear="3000" fadeFar="4000" animSpeed="1" miniMapVisibility="1" mapVisibility="1"/>
		<Trail type="vip.hptrain.pof" trailData="Data/HPTrain/PoF/PoF_DH_3.trl" texture="Data/SemiLineMid.png" color="ff0000" alpha="0.8" fadeNear="3000" fadeFar="4000" animSpeed="1" miniMapVisibility="1" mapVisibility="1"/>
		<Trail type="vip.hptrain.pof" trailData="Data/HPTrain/PoF/PoF_DH_4.trl" texture="Data/SemiLineMid.png" color="fffb00" alpha="0.8" fadeNear="3000" fadeFar="4000" animSpeed="1" miniMapVisibility="1" mapVisibility="1"/>
		<Trail type="vip.hptrain.pof" trailData="Data/HPTrain/PoF/PoF_ER_1.trl" texture="Data/SemiLineMid.png" color="0000ff" alpha="0.8" fadeNear="3000" fadeFar="4000" animSpeed="1" miniMapVisibility="1" mapVisibility="1"/>
		<Trail type="vip.hptrain.pof" trailData="Data/HPTrain/PoF/PoF_ER_2.trl" texture="Data/SemiLineMid.png" color="ff0000" alpha="0.8" fadeNear="3000" fadeFar="4000" animSpeed="1" miniMapVisibility="1" mapVisibility="1"/>
	
		
		<!-- END OF DRAGONS -->
        <Trail type="vip.hptrain.eod" trailData="Data/HPTrain/EoD/EoD_HP_DE_1.trl" texture="Data/SemiLineMid.png" color="ff00ff" alpha="0.8" fadeNear="3000" fadeFar="4000" animSpeed="1" miniMapVisibility="1" mapVisibility="1"/>
        <Trail type="vip.hptrain.eod" trailData="Data/HPTrain/EoD/EoD_HP_EW_1.trl" texture="Data/SemiLineMid.png" color="ff4800" alpha="0.8" fadeNear="3000" fadeFar="4000" animSpeed="1" miniMapVisibility="1" mapVisibility="1"/>
        <Trail type="vip.hptrain.eod" trailData="Data/HPTrain/EoD/EoD_HP_EW_2.trl" texture="Data/SemiLineMid.png" color="ff00ff" alpha="0.8" fadeNear="3000" fadeFar="4000" animSpeed="1" miniMapVisibility="1" mapVisibility="1"/>
		<Trail type="vip.hptrain.eod" trailData="Data/HPTrain/EoD/EoD_HP_NK_1.trl" texture="Data/SemiLineMid.png" color="ff1900" alpha="0.8" fadeNear="3000" fadeFar="4000" animSpeed="1" miniMapVisibility="1" mapVisibility="1"/>
        <Trail type="vip.hptrain.eod" trailData="Data/HPTrain/EoD/EoD_HP_NK_2.trl" texture="Data/SemiLineMid.png" color="ff00fb" alpha="0.8" fadeNear="3000" fadeFar="4000" animSpeed="1" miniMapVisibility="1" mapVisibility="1"/>
        <Trail type="vip.hptrain.eod" trailData="Data/HPTrain/EoD/EoD_HP_NK_3.trl" texture="Data/SemiLineMid.png" color="8c00ff" alpha="0.8" fadeNear="3000" fadeFar="4000" animSpeed="1" miniMapVisibility="1" mapVisibility="1"/>
		<Trail type="vip.hptrain.eod" trailData="Data/HPTrain/EoD/EoD_HP_NK_4.trl" texture="Data/SemiLineMid.png" color="00ff22" alpha="0.8" fadeNear="3000" fadeFar="4000" animSpeed="1" miniMapVisibility="1" mapVisibility="1"/>
        <Trail type="vip.hptrain.eod" trailData="Data/HPTrain/EoD/EoD_HP_SP_1.trl" texture="Data/SemiLineMid.png" color="ff1500" alpha="0.8" fadeNear="3000" fadeFar="4000" animSpeed="1" miniMapVisibility="1" mapVisibility="1"/>
        <Trail type="vip.hptrain.eod" trailData="Data/HPTrain/EoD/EoD_HP_SP_2.trl" texture="Data/SemiLineMid.png" color="ff00d9" alpha="0.8" fadeNear="3000" fadeFar="4000" animSpeed="1" miniMapVisibility="1" mapVisibility="1"/>
		<Trail type="vip.hptrain.eod" trailData="Data/HPTrain/EoD/EoD_HP_SP_3.trl" texture="Data/SemiLineMid.png" color="7700ff" alpha="0.8" fadeNear="3000" fadeFar="4000" animSpeed="1" miniMapVisibility="1" mapVisibility="1"/>
    </POIs>
</OverlayData>
