<!-- Last Updated: 2021-03-15 -->
<OverlayData>
    <MarkerCategory name="vip" DisplayName="ViP Events">
        <MarkerCategory name="tot" DisplayName="Tour of Tyria"/>
    </MarkerCategory>
    <POIs>
    <!-- map order
    Metrica
    Brisban
    Caledon
    Kessex
    Queensdale
    Gendarran
    r
    Gendarren to LA
    In/Out Southsun
    LA
    Lonar’s
    Dredgehaunt
    Timberline
    Mt Malestrom
    Sparkfly
    Bloodtide
    Wayfairer’s
    Frostgorge
    Plain of Ashford
    Iron Marches
    Blazeridge
    Fields of Ruin
    -->
        <!-- TRAIL -->
        <Trail type="vip.tot" trailData="Data/TourOfTyria/01_TOT_Metrica.trl"           texture="Data/SemiLineMid.png" color="8000FFFF" alpha="0.8" fadeNear="3000" fadeFar="4000" animSpeed="1" miniMapVisibility="1" mapVisibility="1"/>
        <Trail type="vip.tot" trailData="Data/TourOfTyria/02_TOT_Brisban.trl"           texture="Data/SemiLineMid.png" color="8000FFFF" alpha="0.8" fadeNear="3000" fadeFar="4000" animSpeed="1" miniMapVisibility="1" mapVisibility="1"/>
        <Trail type="vip.tot" trailData="Data/TourOfTyria/03_TOT_Caledon.trl"           texture="Data/SemiLineMid.png" color="8000FFFF" alpha="0.8" fadeNear="3000" fadeFar="4000" animSpeed="1" miniMapVisibility="1" mapVisibility="1"/>
        <Trail type="vip.tot" trailData="Data/TourOfTyria/04_TOT_Kessex.trl"            texture="Data/SemiLineMid.png" color="8000FFFF" alpha="0.8" fadeNear="3000" fadeFar="4000" animSpeed="1" miniMapVisibility="1" mapVisibility="1"/>
        <Trail type="vip.tot" trailData="Data/TourOfTyria/05_TOT_Queensdale.trl"        texture="Data/SemiLineMid.png" color="8000FFFF" alpha="0.8" fadeNear="3000" fadeFar="4000" animSpeed="1" miniMapVisibility="1" mapVisibility="1"/>
        <Trail type="vip.tot" trailData="Data/TourOfTyria/07_TOT_Harathi.trl"           texture="Data/SemiLineMid.png" color="8000FFFF" alpha="0.8" fadeNear="3000" fadeFar="4000" animSpeed="1" miniMapVisibility="1" mapVisibility="1"/>
        <Trail type="vip.tot" trailData="Data/TourOfTyria/08_Gendaren.6.trl"            texture="Data/SemiLineMid.png" color="8000FFFF" alpha="0.8" fadeNear="3000" fadeFar="4000" animSpeed="1" miniMapVisibility="1" mapVisibility="1"/>
        <Trail type="vip.tot" trailData="Data/TourOfTyria/09_TOT_Gen_LA.trl"            texture="Data/SemiLineMid.png" color="8000FFFF" alpha="0.8" fadeNear="3000" fadeFar="4000" animSpeed="1" miniMapVisibility="1" mapVisibility="1"/>
        <Trail type="vip.tot" trailData="Data/TourOfTyria/10_TOT_LA.trl"                texture="Data/SemiLineMid.png" color="8000FFFF" alpha="0.8" fadeNear="3000" fadeFar="4000" animSpeed="1" miniMapVisibility="1" mapVisibility="1"/>
        <Trail type="vip.tot" trailData="Data/TourOfTyria/15_TOT_sparkfly.trl"          texture="Data/SemiLineMid.png" color="8000FFFF" alpha="0.8" fadeNear="3000" fadeFar="4000" animSpeed="1" miniMapVisibility="1" mapVisibility="1"/>
        <Trail type="vip.tot" trailData="Data/TourOfTyria/16_TOT_Bloodtide.trl"         texture="Data/SemiLineMid.png" color="8000FFFF" alpha="0.8" fadeNear="3000" fadeFar="4000" animSpeed="1" miniMapVisibility="1" mapVisibility="1"/>
        <Trail type="vip.tot" trailData="Data/TourOfTyria/17_TOT_wayfairer.trl"         texture="Data/SemiLineMid.png" color="8000FFFF" alpha="0.8" fadeNear="3000" fadeFar="4000" animSpeed="1" miniMapVisibility="1" mapVisibility="1"/>
        <Trail type="vip.tot" trailData="Data/TourOfTyria/18_TOT_frostgorge.trl"        texture="Data/SemiLineMid.png" color="8000FFFF" alpha="0.8" fadeNear="3000" fadeFar="4000" animSpeed="1" miniMapVisibility="1" mapVisibility="1"/>
        <Trail type="vip.tot" trailData="Data/TourOfTyria/19_TOT_Iron_Marches.trl"      texture="Data/SemiLineMid.png" color="8000FFFF" alpha="0.8" fadeNear="3000" fadeFar="4000" animSpeed="1" miniMapVisibility="1" mapVisibility="1"/>
        <Trail type="vip.tot" trailData="Data/TourOfTyria/20_TOT_plains_of_ashford.trl" texture="Data/SemiLineMid.png" color="8000FFFF" alpha="0.8" fadeNear="3000" fadeFar="4000" animSpeed="1" miniMapVisibility="1" mapVisibility="1"/>

        <!-- Stoneguard Gate WP (Gendarren) -->
        <POI MapID="17" xpos="171.402" ypos="63.9364" zpos="517.864" type="vip.tot" iconFile="Data/TourOfTyria/7to8.png" alpha="2.25" color="" GUID="UKPhQbaHV0SLz+I/c/Qwkg=="/>
    </POIs>
</OverlayData>