<OverlayData>
    <MarkerCategory name="vip" DisplayName="ViP Events">
        <MarkerCategory name="mapcomp" DisplayName="Map Comp">
            <MarkerCategory name="eod" DisplayName="EoD"/>
        </MarkerCategory>
    </MarkerCategory>
    <POIs>
        
		
		<!-- END OF DRAGONS -->
        <Trail type="vip.mapcomp.eod" trailData="Data/MapComp/EoD/EoD_MC_SP_1.trl" texture="Data/SemiLineMid.png" color="ff00ff" alpha="0.8" fadeNear="3000" fadeFar="4000" animSpeed="1" miniMapVisibility="1" mapVisibility="1"/>
        <Trail type="vip.mapcomp.eod" trailData="Data/MapComp/EoD/EoD_MC_SP_2.trl" texture="Data/SemiLineMid.png" color="ff4800" alpha="0.8" fadeNear="3000" fadeFar="4000" animSpeed="1" miniMapVisibility="1" mapVisibility="1"/>
        <Trail type="vip.mapcomp.eod" trailData="Data/MapComp/EoD/EoD_MC_SP_3.trl" texture="Data/SemiLineMid.png" color="ff00b3" alpha="0.8" fadeNear="3000" fadeFar="4000" animSpeed="1" miniMapVisibility="1" mapVisibility="1"/>
		<Trail type="vip.mapcomp.eod" trailData="Data/MapComp/EoD/EoD_MC_SP_4.trl" texture="Data/SemiLineMid.png" color="00eaff" alpha="0.8" fadeNear="3000" fadeFar="4000" animSpeed="1" miniMapVisibility="1" mapVisibility="1"/>
		<Trail type="vip.mapcomp.eod" trailData="Data/MapComp/EoD/EoD_MC_NKC_1.trl" texture="Data/SemiLineMid.png" color="ff00ff" alpha="0.8" fadeNear="3000" fadeFar="4000" animSpeed="1" miniMapVisibility="1" mapVisibility="1"/>
        <Trail type="vip.mapcomp.eod" trailData="Data/MapComp/EoD/EoD_MC_NKC_2.trl" texture="Data/SemiLineMid.png" color="ff4800" alpha="0.8" fadeNear="3000" fadeFar="4000" animSpeed="1" miniMapVisibility="1" mapVisibility="1"/>
        <Trail type="vip.mapcomp.eod" trailData="Data/MapComp/EoD/EoD_MC_NKC_3.trl" texture="Data/SemiLineMid.png" color="ff00b3" alpha="0.8" fadeNear="3000" fadeFar="4000" animSpeed="1" miniMapVisibility="1" mapVisibility="1"/>
		<Trail type="vip.mapcomp.eod" trailData="Data/MapComp/EoD/EoD_MC_EW_1.trl" texture="Data/SemiLineMid.png" color="ff00ff" alpha="0.8" fadeNear="3000" fadeFar="4000" animSpeed="1" miniMapVisibility="1" mapVisibility="1"/>
		<Trail type="vip.mapcomp.eod" trailData="Data/MapComp/EoD/EoD_MC_EW_2.trl" texture="Data/SemiLineMid.png" color="ff4800" alpha="0.8" fadeNear="3000" fadeFar="4000" animSpeed="1" miniMapVisibility="1" mapVisibility="1"/>
		<Trail type="vip.mapcomp.eod" trailData="Data/MapComp/EoD/EoD_MC_EW_3.trl" texture="Data/SemiLineMid.png" color="2b00ff" alpha="0.8" fadeNear="3000" fadeFar="4000" animSpeed="1" miniMapVisibility="1" mapVisibility="1"/>
	    <Trail type="vip.mapcomp.eod" trailData="Data/MapComp/EoD/EoD_MC_EW_4.trl" texture="Data/SemiLineMid.png" color="00eaff" alpha="0.8" fadeNear="3000" fadeFar="4000" animSpeed="1" miniMapVisibility="1" mapVisibility="1"/>
		<Trail type="vip.mapcomp.eod" trailData="Data/MapComp/EoD/EoD_MC_DE_1.trl" texture="Data/SemiLineMid.png" color="ff00ff" alpha="0.8" fadeNear="3000" fadeFar="4000" animSpeed="1" miniMapVisibility="1" mapVisibility="1"/>
		<Trail type="vip.mapcomp.eod" trailData="Data/MapComp/EoD/EoD_MC_DE_2.trl" texture="Data/SemiLineMid.png" color="ff4800" alpha="0.8" fadeNear="3000" fadeFar="4000" animSpeed="1" miniMapVisibility="1" mapVisibility="1"/>
		<Trail type="vip.mapcomp.eod" trailData="Data/MapComp/EoD/EoD_MC_DE_3.trl" texture="Data/SemiLineMid.png" color="2b00ff" alpha="0.8" fadeNear="3000" fadeFar="4000" animSpeed="1" miniMapVisibility="1" mapVisibility="1"/>
    </POIs>
</OverlayData>
