<!-- Last Updated: 2021-07-15 -->
<OverlayData>
    <MarkerCategory name="vip" DisplayName="ViP Events">
        <MarkerCategory name="wbt" DisplayName="World Boss Train">
            <MarkerCategory name="tequatl"         DisplayName="Tequatl"           iconFile="Data/Icons/EventBoss.png"/>
            <MarkerCategory name="leyline"         DisplayName="Ley-Line Anomaly"  iconFile="Data/Icons/EventBoss.png"/>
            <MarkerCategory name="megadestroyer"  DisplayName="Megadestroyer"    iconFile="Data/Icons/EventBoss.png"/>
            <MarkerCategory name="fire_elemental"  DisplayName="Fire Elemental"    iconFile="Data/Icons/EventBoss.png">
                <MarkerCategory name="key"     DisplayName="Matrix Cube Key Locations"   iconFile="Data/WorldBossTrain/MatrixCubeKey.png" behavior="4" resetLength="300"/>
            </MarkerCategory>
            <MarkerCategory name="shatterer"       DisplayName="The Shatterer"     iconFile="Data/Icons/EventBoss.png"/>
            <MarkerCategory name="wurm"            DisplayName="Great Jungle Wurm" iconFile="Data/Icons/EventBoss.png"/>
            <MarkerCategory name="modniir_ulgoth"  DisplayName="Modniir Ulgoth"    iconFile="Data/Icons/EventBoss.png"/>
            <MarkerCategory name="shadow_behemoth" DisplayName="Shadow Behemoth"   iconFile="Data/Icons/EventBoss.png">
                <MarkerCategory name="portals" DisplayName="Toggle Portals"    iconFile="Data/WorldBossTrain/Portal.png"/>
            </MarkerCategory>
            <MarkerCategory name="karka_queen"     DisplayName="Karka Queen"       iconFile="Data/Icons/EventBoss.png"/>
        </MarkerCategory>
    </MarkerCategory>
    <POIs>
        <!-- TEQUATL -->
        <POI MapID="53" xpos="-477.689" ypos="0.416902" zpos="-883.038" type="vip.wbt.tequatl" iconFile="Data/Icons/info.png" heightOffset="2" maxSize="32" infoRange="5" fadeNear="2000" fadeFar="3000" GUID="5GHDgsX/CUGGnITMGSbmxg==" info="######################### TEQUATL THE SUNLESS #########################
Turrets:
* 1 - Damage
* 2 - Scale Clear (clears hardened scales) !!VERY IMPORTANT!!
* 3 - Poison Clear (use it on the zerg and yourself as needed)
* Use 2 and 3 whenever they are available!

Achievements:
* Use a turret during the fight 
* Dodge his tail swipe during phase 1 (on arrow marker) 
* Jump 10 waves
* Defend all 3 Batteries during one fight - STAY ON TAG and you will get this!
* Sunken Treasure under Heart marker (after Tequatl dies)

Attacks:
* Stomp makes the waves - Jump over 10 for an achievement
* Fingers make poison
* Stay out of AoE circles (some will drag you into the water)
* When the NPC says he is about to breathe, dodge the fear attack!"/>
        <POI MapID="53" xpos="-541.013"   ypos="-0.1076"    zpos="-884.683" type="vip.wbt.tequatl"/>
        <!-- Early Damage -->
        <POI MapID="53" xpos="-529.344"   ypos="-0.345521"  zpos="-880.743" type="vip.wbt.tequatl"        iconFile="Data/Markers/Arrow.png"/>
        <POI MapID="53" xpos="-529.344"   ypos="-0.345521"  zpos="-880.743" type="vip.wbt.tequatl"        iconFile="Data/WorldBossTrain/Tequatl_EarlyDamage.png"  heightOffset="3"/>
        <!-- Tail Swipe -->
        <POI MapID="53" xpos="-578.125"   ypos="-0.497278"  zpos="-926.6"   type="vip.wbt.tequatl"        iconFile="Data/Markers/Circle.png"/>
        <POI MapID="53" xpos="-578.125"   ypos="-0.497278"  zpos="-926.6"   type="vip.wbt.tequatl"        iconFile="Data/WorldBossTrain/Tequatl_TailSwipe.png"    heightOffset="3"/>
        <!-- Sunken Treasure (I Found It! Achievement)-->
        <POI MapID="53" xpos="-596.764"   ypos="-0.713798"  zpos="-903.574" type="vip.wbt.tequatl"        iconFile="Data/Markers/Heart.png" GUID="PiHZLsNDn0mtV83T7YVLfw=="/>

        <!-- LEY-LINE ANOMALY -->

        <!-- MEGA DESTROYER -->
        <POI MapID="39" xpos="-320.974"   ypos="9.70499"    zpos="-221.501" type="vip.wbt.megadestroyer"/>
        <!-- Tunnels -->
        <POI MapID="39" xpos="-346.93"    ypos="4.20515"    zpos="-313.402" type="vip.wbt.megadestroyer" iconFile="Data/Markers/Arrow.png"/>
        <POI MapID="39" xpos="-246.487"   ypos="9.81538"    zpos="-297.136" type="vip.wbt.megadestroyer" iconFile="Data/Markers/Circle.png"/>
        <POI MapID="39" xpos="-419.566"   ypos="48.9335"    zpos="-125.336" type="vip.wbt.megadestroyer" iconFile="Data/Markers/Heart.png"/>

        <!-- FIRE ELEMENTAL -->
        <POI MapID="35" xpos="-371.264"   ypos="21.6336"    zpos="888.975"  type="vip.wbt.fire_elemental"/>
        <!-- Keys -->
        <POI MapID="35" xpos="-441.695"   ypos="49.2586"    zpos="708.561"  type="vip.wbt.fire_elemental.key"/>
        <POI MapID="35" xpos="-437.716"   ypos="37.2526"    zpos="638.487"  type="vip.wbt.fire_elemental.key"/>
        <POI MapID="35" xpos="-436.603"   ypos="18.6937"    zpos="638.111"  type="vip.wbt.fire_elemental.key"/>
        <POI MapID="35" xpos="-431.202"   ypos="21.7246"    zpos="678.533"  type="vip.wbt.fire_elemental.key"/>
        <POI MapID="35" xpos="-421.212"   ypos="24.6468"    zpos="717.103"  type="vip.wbt.fire_elemental.key"/>
        <POI MapID="35" xpos="-398.769"   ypos="9.74733"    zpos="821.911"  type="vip.wbt.fire_elemental.key"/>
        <POI MapID="35" xpos="-376.5"     ypos="11.7"       zpos="832.92"   type="vip.wbt.fire_elemental.key"/>
        <POI MapID="35" xpos="-376.009"   ypos="24.6397"    zpos="930.262"  type="vip.wbt.fire_elemental.key"/>
        <POI MapID="35" xpos="-365.207"   ypos="21.6336"    zpos="846.123"  type="vip.wbt.fire_elemental.key"/>
        <POI MapID="35" xpos="-347.343"   ypos="21.6343"    zpos="852.571"  type="vip.wbt.fire_elemental.key"/>
        <POI MapID="35" xpos="-340.445"   ypos="9.69198"    zpos="839.6"    type="vip.wbt.fire_elemental.key"/>
        <POI MapID="35" xpos="-339.988"   ypos="13.5241"    zpos="804.765"  type="vip.wbt.fire_elemental.key"/>
        <POI MapID="35" xpos="-334.349"   ypos="23.53"      zpos="909.494"  type="vip.wbt.fire_elemental.key"/>
        <POI MapID="35" xpos="-333.372"   ypos="26.7202"    zpos="647.61"   type="vip.wbt.fire_elemental.key"/>
        <POI MapID="35" xpos="-323.849"   ypos="18.7288"    zpos="630.262"  type="vip.wbt.fire_elemental.key"/>
        <POI MapID="35" xpos="-321.584"   ypos="10.6085"    zpos="822.73"   type="vip.wbt.fire_elemental.key"/>
        <POI MapID="35" xpos="-318.204"   ypos="21.7315"    zpos="872.946"  type="vip.wbt.fire_elemental.key"/>
        <POI MapID="35" xpos="-307.137"   ypos="16.3272"    zpos="796.536"  type="vip.wbt.fire_elemental.key"/>
        <POI MapID="35" xpos="-288.974"   ypos="18.1782"    zpos="807.792"  type="vip.wbt.fire_elemental.key"/>
        <POI MapID="35" xpos="-286.12"    ypos="19.7895"    zpos="764.819"  type="vip.wbt.fire_elemental.key"/>
        <POI MapID="35" xpos="-278.895"   ypos="36.386"     zpos="639.849"  type="vip.wbt.fire_elemental.key"/>
        <POI MapID="35" xpos="-270.986"   ypos="18.1224"    zpos="688.328"  type="vip.wbt.fire_elemental.key"/>
        <POI MapID="35" xpos="-270.842"   ypos="18.0996"    zpos="806.233"  type="vip.wbt.fire_elemental.key"/>
        <POI MapID="35" xpos="-265.742"   ypos="18.6367"    zpos="660.201"  type="vip.wbt.fire_elemental.key"/>

        <!-- THE SHATTERER -->
        <POI MapID="20" xpos="-293.098"   ypos="3.30985"    zpos="917.874"  type="vip.wbt.shatterer"/>
        <POI MapID="20" xpos="-311.423"   ypos="13.2498"    zpos="549.837"  type="vip.wbt.shatterer" iconFile="Data/Markers/Heart.png" GUID="qun2BZRtgke1lyHyCwu/gw=="/>


        <!-- GREAT JUNGLE WURM -->
        <POI MapID="34" xpos="-390.487"   ypos="0.028873"   zpos="845.995"  type="vip.wbt.wurm"/>

        <!-- MODNIIR ULGOTH -->
        <POI MapID="17" xpos="810.031"    ypos="144.398"    zpos="668.27"   type="vip.wbt.modniir_ulgoth"/>
        <!-- Defend -->
        <POI MapID="17" xpos="407.461"    ypos="65.3183"    zpos="414.662"  type="vip.wbt.modniir_ulgoth" iconFile="Data/Icons/EventShield.png"/>
        <POI MapID="17" xpos="345.256"    ypos="62.7974"    zpos="640.984"  type="vip.wbt.modniir_ulgoth" iconFile="Data/Icons/EventShield.png"/>
        <POI MapID="17" xpos="683.631"    ypos="123.944"    zpos="699.844"  type="vip.wbt.modniir_ulgoth" iconFile="Data/Icons/EventSwords.png"/>
        
        <!-- SHADOW BEHEMOTH -->
        <POI MapID="15" xpos="270.7"      ypos="-0.7534"   zpos="-408.002"  type="vip.wbt.shadow_behemoth"/>
        <!-- Portals -->
        <POI MapID="15" xpos="281.794" ypos="-0.753348" zpos="-409.655" iconFile="Data/Markers/Arrow.png" GUID="8rrk9PGGekKnAaT1FDNcpA=="/>
        <POI MapID="15" xpos="250.824" ypos="-0.753351" zpos="-406.074" iconFile="Data/Markers/Circle.png" GUID="dv07lWi75Uy7lLGr0NfFUg=="/>
        <POI MapID="15" xpos="225.547" ypos="-0.638286" zpos="-415.33"  iconFile="Data/Markers/Heart.png" GUID="VZqZkwhE6UqOtwYuupF8oA=="/>
        <POI MapID="15" xpos="216.944" ypos="-0.652684" zpos="-444.372" iconFile="Data/Markers/Square.png" GUID="6EAMhwwcXUWo31VV7KeQHg=="/>
        <POI MapID="15" xpos="232.948" ypos="-0.781995" zpos="-477.482" iconFile="Data/Markers/Star.png" GUID="zVjptNNk2U2GiQyvxUTahw=="/>
        <POI MapID="15" xpos="263.75"  ypos="-0.752856" zpos="-477.383" iconFile="Data/Markers/Spiral.png" GUID="n1t3aayyR0SF5qQcgEmNbA=="/>
        <POI MapID="15" xpos="287.803" ypos="-0.752984" zpos="-463.765" iconFile="Data/Markers/Triangle.png" GUID="RyTH/l65X0upvBJhNkwBHA=="/>
        <POI MapID="15" xpos="306.333" ypos="-0.757668" zpos="-441.523" iconFile="Data/Markers/Cross.png" GUID="bzzlbyU6K0efgOttXrPICA=="/>
        <!--
        <POI MapID="15" xpos="309.95"     ypos="0"         zpos="-433.05"   type="vip.wbt.shadow_behemoth.portals"/>
        <POI MapID="15" xpos="302.11"     ypos="0"         zpos="-478.50"   type="vip.wbt.shadow_behemoth.portals"/>
        <POI MapID="15" xpos="299.02"     ypos="0"         zpos="-452.74"   type="vip.wbt.shadow_behemoth.portals"/>
        <POI MapID="15" xpos="283.86"     ypos="0"         zpos="-499.90"   type="vip.wbt.shadow_behemoth.portals"/>
        <POI MapID="15" xpos="282.45"     ypos="0"         zpos="-404.81"   type="vip.wbt.shadow_behemoth.portals"/>
        <POI MapID="15" xpos="279.24"     ypos="0"         zpos="-463.39"   type="vip.wbt.shadow_behemoth.portals"/>
        <POI MapID="15" xpos="253.49"     ypos="0"         zpos="-405.79"   type="vip.wbt.shadow_behemoth.portals"/>
        <POI MapID="15" xpos="250.52"     ypos="0"         zpos="-488.03"   type="vip.wbt.shadow_behemoth.portals"/>
        <POI MapID="15" xpos="228.16"     ypos="0"         zpos="-454.17"   type="vip.wbt.shadow_behemoth.portals"/>
        <POI MapID="15" xpos="225.23"     ypos="0"         zpos="-393.30"   type="vip.wbt.shadow_behemoth.portals"/>
        <POI MapID="15" xpos="221.76"     ypos="0"         zpos="-494.92"   type="vip.wbt.shadow_behemoth.portals"/>
        <POI MapID="15" xpos="209.76"     ypos="0"         zpos="-421.69"   type="vip.wbt.shadow_behemoth.portals"/>
        <POI MapID="15" xpos="203.77"     ypos="0"         zpos="-446.07"   type="vip.wbt.shadow_behemoth.portals"/>
        -->
        
        <!-- KARKA QUEEN -->
        <POI MapID="873" xpos="572.791"   ypos="5.9362"    zpos="205.741"   type="vip.wbt.karka_queen"/>
        <POI MapID="873" xpos="481.332"   ypos="28.5775"   zpos="135.587"   type="vip.wbt.karka_queen"/>
        <POI MapID="873" xpos="42.804"    ypos="38.067"    zpos="-26.6639"  type="vip.wbt.karka_queen"/>
        <POI MapID="873" xpos="-69.373"   ypos="31.3649"   zpos="-235.576"  type="vip.wbt.karka_queen"/>
    </POIs>
</OverlayData>
