<OverlayData>
    <MarkerCategory name="vip" DisplayName="ViP Events">
        <MarkerCategory name="achieve" DisplayName="Achievement">
            <MarkerCategory name="eod" DisplayName="EoD">
				<MarkerCategory name="lantern" DisplayName="Lanterns"/>
			</MarkerCategory>
        </MarkerCategory>
    </MarkerCategory>
    <POIs>
        
		
		<!-- END OF DRAGONS -->
        <Trail type="vip.achieve.eod.lantern" trailData="Data/Achievements/EoD/Lanterns/EoD_SP_Lanterns.trl" texture="Data/SemiLineMid.png" color="ff00ff" alpha="0.8" fadeNear="3000" fadeFar="4000" animSpeed="1" miniMapVisibility="1" mapVisibility="1"/>
        
		
    </POIs>
</OverlayData>
