<!-- Last Updated: 2021-07-15 -->
<OverlayData>
    <MarkerCategory name="vip" DisplayName="ViP Events">
        <MarkerCategory name="silverwastes" DisplayName="Silverwastes Chest Train">
            <MarkerCategory name="trail"  DisplayName="Toggle Trail"/>
            <MarkerCategory name="chests" DisplayName="Toggle Chests" iconFile="Data/Silverwastes/Silverwastes_Shovel.png" iconSize="0.5" alpha="2.25" heightOffset="2"/>
        </MarkerCategory>
    </MarkerCategory>
    <POIs>
        <!-- TRAIL -->
        <Trail type="vip.silverwastes.trail" trailData="Data/Silverwastes/ViP_Silverwastes1.trl" texture="Data/SemiLineMid.png" color="8000FFFF" alpha="0.8" fadeNear="3000" fadeFar="4000" animSpeed="1" miniMapVisibility="1" mapVisibility="1"/>
        <Trail type="vip.silverwastes.trail" trailData="Data/Silverwastes/ViP_Silverwastes2.trl" texture="Data/SemiLineMid.png" color="80FF00FF" alpha="0.8" fadeNear="3000" fadeFar="4000" animSpeed="1" miniMapVisibility="1" mapVisibility="1"/>

        <!-- MARKERS -->
        <POI MapID="1015" xpos="-131.388" ypos="413.116" zpos="91.1244"  type="vip.silverwastes.trail" iconFile="Data/Rounds/Round2.png"/>
        <POI MapID="1015" xpos="-170.959" ypos="416.956" zpos="-217.942" type="vip.silverwastes.trail" iconFile="Data/Rounds/Round2.png"/>
        <POI MapID="1015" xpos="10.7651"  ypos="413.253" zpos="-272.298" type="vip.silverwastes.trail" iconFile="Data/Rounds/Round2.png"/>
        <POI MapID="1015" xpos="151.497"  ypos="414.717" zpos="23.111"   type="vip.silverwastes.trail" iconFile="Data/Rounds/Round2.png"/>

        <!-- CHESTS -->
        <POI MapID="1015" xpos="601.838"  ypos="374.225" zpos="25.6099"   type="vip.silverwastes.chests"/>
        <POI MapID="1015" xpos="297.462"  ypos="389.273" zpos="-68.8887"  type="vip.silverwastes.chests"/>
        <POI MapID="1015" xpos="-80.7945" ypos="417.733" zpos="243.384"   type="vip.silverwastes.chests"/>
        <POI MapID="1015" xpos="-173.36"  ypos="417.136" zpos="-213.778"  type="vip.silverwastes.chests"/>
        <POI MapID="1015" xpos="547.247"  ypos="414.85"  zpos="-113.241"  type="vip.silverwastes.chests"/>
        <POI MapID="1015" xpos="-61.4889" ypos="416.503" zpos="40.4231"   type="vip.silverwastes.chests"/>
        <POI MapID="1015" xpos="-49.3625" ypos="413.321" zpos="-325.818"  type="vip.silverwastes.chests"/>
        <POI MapID="1015" xpos="-56.5223" ypos="414.421" zpos="-278.572"  type="vip.silverwastes.chests"/>
        <POI MapID="1015" xpos="26.9066"  ypos="413.657" zpos="-283.599"  type="vip.silverwastes.chests"/>
        <POI MapID="1015" xpos="-20.1354" ypos="413.819" zpos="-269.051"  type="vip.silverwastes.chests"/>
        <POI MapID="1015" xpos="-58.1556" ypos="413.854" zpos="-225.45"   type="vip.silverwastes.chests"/>
        <POI MapID="1015" xpos="-75.0924" ypos="415.516" zpos="-190.47"   type="vip.silverwastes.chests"/>
        <POI MapID="1015" xpos="-90.3555" ypos="414.523" zpos="-151.803"  type="vip.silverwastes.chests"/>
        <POI MapID="1015" xpos="-40.3626" ypos="414.646" zpos="-180.836"  type="vip.silverwastes.chests"/>
        <POI MapID="1015" xpos="5.86378"  ypos="412.809" zpos="-216.758"  type="vip.silverwastes.chests"/>
        <POI MapID="1015" xpos="60.7465"  ypos="413.899" zpos="-179.178"  type="vip.silverwastes.chests"/>
        <POI MapID="1015" xpos="77.9305"  ypos="413.752" zpos="-269.579"  type="vip.silverwastes.chests"/>
        <POI MapID="1015" xpos="174.822"  ypos="412.799" zpos="-206.367"  type="vip.silverwastes.chests"/>
        <POI MapID="1015" xpos="201.828"  ypos="414.066" zpos="-262.301"  type="vip.silverwastes.chests"/>
        <POI MapID="1015" xpos="102.708"  ypos="413.538" zpos="-309.009"  type="vip.silverwastes.chests"/>
        <POI MapID="1015" xpos="63.0363"  ypos="414.286" zpos="-340.583"  type="vip.silverwastes.chests"/>
        <POI MapID="1015" xpos="120.008"  ypos="413.508" zpos="-413.941"  type="vip.silverwastes.chests"/>
        <POI MapID="1015" xpos="154.448"  ypos="413.616" zpos="-407.256"  type="vip.silverwastes.chests"/>
        <POI MapID="1015" xpos="225.186"  ypos="413.225" zpos="-400.313"  type="vip.silverwastes.chests"/>
        <POI MapID="1015" xpos="278.837"  ypos="412.733" zpos="-392.203"  type="vip.silverwastes.chests"/>
        <POI MapID="1015" xpos="386.849"  ypos="412.372" zpos="-312.783"  type="vip.silverwastes.chests"/>
        <POI MapID="1015" xpos="387.638"  ypos="413.471" zpos="-270.342"  type="vip.silverwastes.chests"/>
        <POI MapID="1015" xpos="430.107"  ypos="413.475" zpos="-398.225"  type="vip.silverwastes.chests"/>
        <POI MapID="1015" xpos="502.009"  ypos="405.123" zpos="-277.352"  type="vip.silverwastes.chests"/>
        <POI MapID="1015" xpos="525.417"  ypos="416.311" zpos="-355.515"  type="vip.silverwastes.chests"/>
        <POI MapID="1015" xpos="561.276"  ypos="416.794" zpos="-389.493"  type="vip.silverwastes.chests"/>
        <POI MapID="1015" xpos="575.696"  ypos="416.682" zpos="-358.186"  type="vip.silverwastes.chests"/>
        <POI MapID="1015" xpos="506.114"  ypos="415.475" zpos="-137.774"  type="vip.silverwastes.chests"/>
        <POI MapID="1015" xpos="417.726"  ypos="411.808" zpos="-109.366"  type="vip.silverwastes.chests"/>
        <POI MapID="1015" xpos="410.603"  ypos="410.637" zpos="-99.8387"  type="vip.silverwastes.chests"/>
        <POI MapID="1015" xpos="398.972"  ypos="407.939" zpos="-84.8505"  type="vip.silverwastes.chests"/>
        <POI MapID="1015" xpos="388.455"  ypos="409.336" zpos="-70.8992"  type="vip.silverwastes.chests"/>
        <POI MapID="1015" xpos="323.759"  ypos="396.214" zpos="-77.4282"  type="vip.silverwastes.chests"/>
        <POI MapID="1015" xpos="476.617"  ypos="370.922" zpos="10.0562"   type="vip.silverwastes.chests"/>
        <POI MapID="1015" xpos="494.108"  ypos="370.79"  zpos="34.7495"   type="vip.silverwastes.chests"/>
        <POI MapID="1015" xpos="569.82"   ypos="372.314" zpos="-20.8051"  type="vip.silverwastes.chests"/>
        <POI MapID="1015" xpos="399.686"  ypos="370.644" zpos="64.1991"   type="vip.silverwastes.chests"/>
        <POI MapID="1015" xpos="365.08"   ypos="373.683" zpos="57.5572"   type="vip.silverwastes.chests"/>
        <POI MapID="1015" xpos="346.89"   ypos="370.779" zpos="38.1334"   type="vip.silverwastes.chests"/>
        <POI MapID="1015" xpos="327.479"  ypos="378.506" zpos="-24.7216"  type="vip.silverwastes.chests"/>
        <POI MapID="1015" xpos="272.256"  ypos="371.599" zpos="37.1076"   type="vip.silverwastes.chests"/>
        <POI MapID="1015" xpos="292.223"  ypos="372.182" zpos="69.0516"   type="vip.silverwastes.chests"/>
        <POI MapID="1015" xpos="241.277"  ypos="371.278" zpos="63.3386"   type="vip.silverwastes.chests"/>
        <POI MapID="1015" xpos="201.23"   ypos="373.362" zpos="26.8965"   type="vip.silverwastes.chests"/>
        <POI MapID="1015" xpos="190.326"  ypos="372.186" zpos="-10.0115"  type="vip.silverwastes.chests"/>
        <POI MapID="1015" xpos="197.47"   ypos="412.919" zpos="-81.4064"  type="vip.silverwastes.chests"/>
        <POI MapID="1015" xpos="135.377"  ypos="418.627" zpos="-0.902252" type="vip.silverwastes.chests"/>
        <POI MapID="1015" xpos="155.617"  ypos="413.902" zpos="19.4266"   type="vip.silverwastes.chests"/>
        <POI MapID="1015" xpos="220.083"  ypos="413.337" zpos="89.6986"   type="vip.silverwastes.chests"/>
        <POI MapID="1015" xpos="210.582"  ypos="413.374" zpos="132.619"   type="vip.silverwastes.chests"/>
        <POI MapID="1015" xpos="155.261"  ypos="414.091" zpos="126.691"   type="vip.silverwastes.chests"/>
        <POI MapID="1015" xpos="122.088"  ypos="425.637" zpos="64.7768"   type="vip.silverwastes.chests"/>
        <POI MapID="1015" xpos="98.3173"  ypos="415.643" zpos="94.1749"   type="vip.silverwastes.chests"/>
        <POI MapID="1015" xpos="67.2583"  ypos="418.877" zpos="59.9236"   type="vip.silverwastes.chests"/>
        <POI MapID="1015" xpos="65.9315"  ypos="415.505" zpos="18.484"    type="vip.silverwastes.chests"/>
        <POI MapID="1015" xpos="26.9602"  ypos="415.961" zpos="51.0875"   type="vip.silverwastes.chests"/>
        <POI MapID="1015" xpos="56.6509"  ypos="418.655" zpos="105.702"   type="vip.silverwastes.chests"/>
        <POI MapID="1015" xpos="22.7762"  ypos="418.13"  zpos="130.359"   type="vip.silverwastes.chests"/>
        <POI MapID="1015" xpos="13.2633"  ypos="416.783" zpos="157.435"   type="vip.silverwastes.chests"/>
        <POI MapID="1015" xpos="1.35147"  ypos="418.054" zpos="100.528"   type="vip.silverwastes.chests"/>
        <POI MapID="1015" xpos="-29.1085" ypos="416.912" zpos="56.208"    type="vip.silverwastes.chests"/>
        <POI MapID="1015" xpos="-114.566" ypos="415.552" zpos="43.5704"   type="vip.silverwastes.chests"/>
        <POI MapID="1015" xpos="-128.22"  ypos="412.962" zpos="91.1375"   type="vip.silverwastes.chests"/>
        <POI MapID="1015" xpos="-77.2376" ypos="410.514" zpos="97.1862"   type="vip.silverwastes.chests"/>
        <POI MapID="1015" xpos="-62.1557" ypos="403.161" zpos="173.609"   type="vip.silverwastes.chests"/>
        <POI MapID="1015" xpos="-24.3309" ypos="403.713" zpos="199.738"   type="vip.silverwastes.chests"/>
        <POI MapID="1015" xpos="-44.3057" ypos="403.203" zpos="213.809"   type="vip.silverwastes.chests"/>
        <POI MapID="1015" xpos="-80.4923" ypos="418.309" zpos="188.843"   type="vip.silverwastes.chests"/>
        <POI MapID="1015" xpos="-62.8693" ypos="415.388" zpos="204.566"   type="vip.silverwastes.chests"/>
        <POI MapID="1015" xpos="-117.933" ypos="417.387" zpos="245.304"   type="vip.silverwastes.chests"/>
        <POI MapID="1015" xpos="-174.419" ypos="417.81"  zpos="268.63"    type="vip.silverwastes.chests"/>
        <POI MapID="1015" xpos="-205.013" ypos="417.668" zpos="233.262"   type="vip.silverwastes.chests"/>
        <POI MapID="1015" xpos="-265.807" ypos="420.197" zpos="293.996"   type="vip.silverwastes.chests"/>
        <POI MapID="1015" xpos="-274.637" ypos="418.863" zpos="219.804"   type="vip.silverwastes.chests"/>
        <POI MapID="1015" xpos="-367.968" ypos="421.226" zpos="214.456"   type="vip.silverwastes.chests"/>
        <POI MapID="1015" xpos="-391.39"  ypos="428.195" zpos="166.204"   type="vip.silverwastes.chests"/>
        <POI MapID="1015" xpos="-441.86"  ypos="424.765" zpos="204.805"   type="vip.silverwastes.chests"/>
        <POI MapID="1015" xpos="-412.751" ypos="441.055" zpos="119.728"   type="vip.silverwastes.chests"/>
        <POI MapID="1015" xpos="-318.84"  ypos="438.091" zpos="44.4306"   type="vip.silverwastes.chests"/>
        <POI MapID="1015" xpos="-280.661" ypos="422.907" zpos="94.08"     type="vip.silverwastes.chests"/>
        <POI MapID="1015" xpos="-206.293" ypos="416.378" zpos="89.3302"   type="vip.silverwastes.chests"/>
        <POI MapID="1015" xpos="-215.549" ypos="417.89"  zpos="53.5434"   type="vip.silverwastes.chests"/>
        <POI MapID="1015" xpos="-222.117" ypos="416.157" zpos="34.2275"   type="vip.silverwastes.chests"/>
        <POI MapID="1015" xpos="-173.399" ypos="417.915" zpos="36.7387"   type="vip.silverwastes.chests"/>
        <POI MapID="1015" xpos="-194.203" ypos="415.488" zpos="-14.6474"  type="vip.silverwastes.chests"/>
        <POI MapID="1015" xpos="-188.832" ypos="415.265" zpos="-63.8023"  type="vip.silverwastes.chests"/>
        <POI MapID="1015" xpos="-230.845" ypos="412.391" zpos="-52.6102"  type="vip.silverwastes.chests"/>
        <POI MapID="1015" xpos="-166.856" ypos="414.168" zpos="-130.474"  type="vip.silverwastes.chests"/>
        <POI MapID="1015" xpos="-231.292" ypos="415.29"  zpos="-95.5832"  type="vip.silverwastes.chests"/>
        <POI MapID="1015" xpos="-249.529" ypos="416.198" zpos="-110.626"  type="vip.silverwastes.chests"/>
        <POI MapID="1015" xpos="-257.732" ypos="416.725" zpos="-74.2064"  type="vip.silverwastes.chests"/>
        <POI MapID="1015" xpos="-225.394" ypos="416.135" zpos="-143.008"  type="vip.silverwastes.chests"/>
        <POI MapID="1015" xpos="-235.124" ypos="419.426" zpos="-166.785"  type="vip.silverwastes.chests"/>
        <POI MapID="1015" xpos="-286.997" ypos="415.874" zpos="-209.218"  type="vip.silverwastes.chests"/>
        <POI MapID="1015" xpos="-314.466" ypos="417.752" zpos="-175.393"  type="vip.silverwastes.chests"/>
        <POI MapID="1015" xpos="-326.686" ypos="416.042" zpos="-204.312"  type="vip.silverwastes.chests"/>
        <POI MapID="1015" xpos="-190.354" ypos="416.418" zpos="-221.353"  type="vip.silverwastes.chests"/>
        <POI MapID="1015" xpos="-105.774" ypos="414.802" zpos="-295.833"  type="vip.silverwastes.chests"/>
        <POI MapID="1015" xpos="-4.5734"  ypos="413.269" zpos="-338.729"  type="vip.silverwastes.chests"/>
        <POI MapID="1015" xpos="191.85"   ypos="415.628" zpos="-69.167"   type="vip.silverwastes.chests"/>
        <POI MapID="1015" xpos="117.84"   ypos="414.665" zpos="-333.958"  type="vip.silverwastes.chests"/>
        <POI MapID="1015" xpos="75.5686"  ypos="414.284" zpos="-372.127"  type="vip.silverwastes.chests"/>
        <POI MapID="1015" xpos="298.79"   ypos="413.06"  zpos="-339.888"  type="vip.silverwastes.chests"/>
        <POI MapID="1015" xpos="404.004"  ypos="413.493" zpos="-354.065"  type="vip.silverwastes.chests"/>
        <POI MapID="1015" xpos="589.957"  ypos="414.797" zpos="-154.59"   type="vip.silverwastes.chests"/>
        <POI MapID="1015" xpos="333.579"  ypos="412.294" zpos="-300.496"  type="vip.silverwastes.chests"/>
        <POI MapID="1015" xpos="-358.783" ypos="448.377" zpos="147.537"   type="vip.silverwastes.chests"/>
        <POI MapID="1015" xpos="53.3242"  ypos="412.665" zpos="-228.834"  type="vip.silverwastes.chests"/>
        <POI MapID="1015" xpos="-87.1333" ypos="413.543" zpos="-346.947"  type="vip.silverwastes.chests"/>
        <POI MapID="1015" xpos="149.774"  ypos="413.404" zpos="-263.639"  type="vip.silverwastes.chests"/>
        <POI MapID="1015" xpos="393.306"  ypos="402.09"  zpos="-31.8357"  type="vip.silverwastes.chests"/>
        <POI MapID="1015" xpos="-219.634" ypos="416.763" zpos="-189.402"  type="vip.silverwastes.chests"/>
        <POI MapID="1015" xpos="-356.09"  ypos="418.906" zpos="-188.271"  type="vip.silverwastes.chests"/>
        <POI MapID="1015" xpos="-342.646" ypos="436.558" zpos="-42.5232"  type="vip.silverwastes.chests"/>
        <POI MapID="1015" xpos="100.51"   ypos="412.706" zpos="-235.397"  type="vip.silverwastes.chests" GUID="4VLlW8LQVEK33LmAQccsRQ=="/>
        <POI MapID="1015" xpos="-99.0723" ypos="413.441" zpos="133.917"   type="vip.silverwastes.chests" GUID="K6tfgFy4RkuACiCKc/N0/A=="/>
        <POI MapID="1015" xpos="-380.435" ypos="440.102" zpos="-43.3982"  type="vip.silverwastes.chests" GUID="MmwvcrhHYkujad5GlbRylg=="/>

    </POIs>
</OverlayData>
