<!-- Last Updated: 2021-07-15 -->
<OverlayData>
    <MarkerCategory name="vip" DisplayName="ViP Events">
        <MarkerCategory name="guild_missions" DisplayName="Guild Missions">
            <MarkerCategory name="race"  DisplayName="Races"/>
        </MarkerCategory>
    </MarkerCategory>
    <POIs>
    	<POI MapID="27" xpos="-425.136" ypos="127.659" zpos="373.555" GUID="pxATfB1SkkSUv5ZTkbWBng==" type="vip.guild_missions.race" iconFile="Data/Icons/info.png" heightOffset="4" fadeNear="2000" fadeFar="3000" maxSize="32" infoRange="15" info="######################### BEAR LOPE #########################
Skill 1 - Highlights traps (press Ctrl + Right Click to turn it into an auto attack)
Skill 2 - Heal gain (3X) grab orbs for more
Skill 3 - Snowball more health and immune to cripple
Run through orbs to gain Swiftness, Stealth, and recharge Snowball skill. You can stack Stealth."/>
		<POI MapID="17" xpos="-818.625" ypos="116.994" zpos="-661.627" GUID="jshYX2tvRk23XzNuIL99nA==" type="vip.guild_missions.race" iconFile="Data/Icons/info.png" heightOffset="4" fadeNear="2000" fadeFar="3000" maxSize="32" infoRange="15" info="######################### GHOST WOLF RUN #########################
Skill 1 - Highlights traps (press Ctrl + Right Click to turn it into an auto attack)
Skill 2 - Leap forward &amp; gain Regeneration
Skill 3 - Grants Aegis and Swiftness to nearby allies"/>
		<POI MapID="30" xpos="-540.382" ypos="-129.341" zpos="-165.247" GUID="qGthyr/ewEWUnpzaX/mNeA==" type="vip.guild_missions.race" iconFile="Data/Icons/info.png" heightOffset="4" fadeNear="2000" fadeFar="3000" maxSize="32" infoRange="15" info="######################### QUAGGAN PADDLE #########################
Skill 1 - Dart forward and gain Aegis
Skill 2 - Purge Conditions and gain health
Avoid the mobs and mines."/>
		<POI MapID="873" xpos="295.1" ypos="0.371829" zpos="235.382" GUID="LmYQZka0LEOf3cuxeCHkTQ==" type="vip.guild_missions.race" iconFile="Data/Icons/info.png" heightOffset="4" fadeNear="2000" fadeFar="3000" maxSize="32" infoRange="15" info="######################### CRAB SCUTTLE #########################
Skill 1 - Highlights traps (press Ctrl + Right Click to turn it into an auto attack)
Skill 2 - Threaten, grants speed and provokes target
Skill 3 - Block incoming attacks (use for those pesky hatchlings)"/>
		<POI MapID="26" xpos="-269.413" ypos="110.552" zpos="75.8756" GUID="+nQW0MQ8OkOiUuTF+1Ai9Q==" type="vip.guild_missions.race" iconFile="Data/Icons/info.png" heightOffset="4" fadeNear="2000" fadeFar="3000" maxSize="32" infoRange="15" info="######################### SPIDER SCURRY #########################
Skill 1 - Highlights traps (press Ctrl + Right Click to turn it into an auto attack)
Skill 2 - Web Decoy to distract foes
Skill 3 - Leap (pull yourself up/across to raised platforms)"/>
		<POI MapID="21" xpos="645.148" ypos="15.2431" zpos="94.5243" GUID="MPNV2MHUHEeJOqPKuttJbA==" type="vip.guild_missions.race" iconFile="Data/Icons/info.png" heightOffset="4" fadeNear="2000" fadeFar="3000" maxSize="32" infoRange="15" info="######################### CHICKEN RUN #########################
Skill 1 - Highlights traps (press Ctrl + Right Click to turn it into an auto attack)
Skill 2 - Run fast and gain health
Skill 3 - Hide in a flurry of feathers"/>
		<POI MapID="32" xpos="180.75" ypos="2.77251" zpos="373.241" GUID="JCK9f+YHdk6QqBI6f4EQeg==" type="vip.guild_missions.race" iconFile="Data/Icons/info.png" heightOffset="4" fadeNear="2000" fadeFar="3000" maxSize="32" infoRange="15" info="######################### DEVOURER BURROW #########################
Skill 1 - Highlights traps (press Ctrl + Right Click to turn it into an auto attack)
Skill 2 - Trick your enemies by pretending to be dead
Skill 3 - Burrow yourself into the ground, hiding yourself from foes."/>
	</POIs>
</OverlayData>
