<!-- Last Updated: 2021-03-15 -->
<OverlayData>
    <MarkerCategory name="vip" DisplayName="ViP Events">
        <MarkerCategory name="dragon_stand" DisplayName="Dragon's Stand Meta (WIP)">
            <MarkerCategory name="entrance" DisplayName="Entrance" iconFile="Data/StartTrailRed.png"/>
            <MarkerCategory name="north" DisplayName="North Lane"  iconFile="Data/StartTrailBlue.png"/>
            <MarkerCategory name="mid"   DisplayName="Mid Lane"    iconFile="Data/StartTrailGreen.png"/>
            <MarkerCategory name="south" DisplayName="South Lane"  iconFile="Data/STartTrailPurple.png"/>
            <MarkerCategory name="pets"  DisplayName="Pets"/>
        </MarkerCategory>
    </MarkerCategory>
    <POIs>
        <!-- ENTRANCE -->
        <!-- Trail -->
        <Trail type="vip.dragon_stand.entrance" trailData="Data/DragonStand/DragonStandEntrance.trl" texture="Data/SemiLineMid.png" color="a60000" alpha="0.8" fadeNear="3000" fadeFar="4000" animSpeed="1" miniMapVisibility="1" mapVisibility="1"/>
        <!-- Machete Vendor -->
        <POI MapID="1041" xpos="656.323" ypos="58.185" zpos="742.982" type="vip.dragon_stand.entrance" GUID="n4zpBUFLBkWr0RpoR7hFsQ==" iconFile="Data/Markers/arrow.png" />

        <!-- NORTH -->
        <!-- Trail -->
        <Trail type="vip.dragon_stand.north" trailData="Data/DragonStand/DragonStandNorth1.trl" texture="Data/SemiLineMid.png" color="a60000" alpha="0.8" fadeNear="3000" fadeFar="4000" animSpeed="1" miniMapVisibility="1" mapVisibility="1"/>
        <Trail type="vip.dragon_stand.north" trailData="Data/DragonStand/DragonStandNorth2.trl" texture="Data/SemiLineMid.png" color="a60000" alpha="0.8" fadeNear="3000" fadeFar="4000" animSpeed="1" miniMapVisibility="1" mapVisibility="1"/>
        <Trail type="vip.dragon_stand.north" trailData="Data/DragonStand/DragonStandNorth3.trl" texture="Data/SemiLineMid.png" color="a60000" alpha="0.8" fadeNear="3000" fadeFar="4000" animSpeed="1" miniMapVisibility="1" mapVisibility="1"/>
        <Trail type="vip.dragon_stand.north" trailData="Data/DragonStand/DragonStandNorth4.trl" texture="Data/SemiLineMid.png" color="a60000" alpha="0.8" fadeNear="3000" fadeFar="4000" animSpeed="1" miniMapVisibility="1" mapVisibility="1"/>
        <Trail type="vip.dragon_stand.north" trailData="Data/DragonStand/DragonStandNorthNASCAR.trl" texture="Data/SemiLineMid.png" color="a60000" alpha="0.8" fadeNear="3000" fadeFar="4000" animSpeed="1" miniMapVisibility="1" mapVisibility="1"/>
        <!-- Markers -->
        <POI MapID="1041" xpos="493.951" ypos="89.8169" zpos="750.259" type="vip.dragon_stand.north" GUID="T3B/VZI2tkqm8S5bQiDsDQ==" iconFile="Data/Markers/arrow.png" /> <!-- rally point -->
        <POI MapID="1041" xpos="517.23" ypos="84.0135" zpos="720.122" type="vip.dragon_stand.north" GUID="50vHgPMjekKA/rs51cDkNw==" iconFile="Data/Icons/EventCollect.png" /> <!-- collection event: requires updraft -->
        <POI MapID="1041" xpos="517.23" ypos="84.0135" zpos="720.122" type="vip.dragon_stand.north" GUID="0e6khWuqyka9GM5b94ZIrQ==" iconFile="Data/Icons/MasteryUpdraft.png" iconSize="2" heightOffset="6" miniMapVisibility="0" />
        <POI MapID="1041" xpos="377.929" ypos="89.1503" zpos="638.366" type="vip.dragon_stand.north" GUID="0xIhfki4z0enaHO321bGiw==" iconFile="Data/Icons/EventCollect.png" /> <!-- collection event: requires BM -->
        <POI MapID="1041" xpos="377.929" ypos="89.1503" zpos="638.366" type="vip.dragon_stand.north" GUID="RsHl0WOHT0e018MCZV8zhQ==" iconFile="Data/Icons/MasteryBouncingMushroom.png" iconSize="2" heightOffset="6" miniMapVisibility="0" />
        <POI MapID="1041" xpos="75.6163" ypos="55.4852" zpos="707.157" type="vip.dragon_stand.north" GUID="sWfUw42ZUkOhyYFOxXNt/Q==" iconFile="Data/Icons/EventShield.png" /> <!-- defend mushrooms: requires poison lore -->
        <POI MapID="1041" xpos="75.6163" ypos="55.4852" zpos="707.157" type="vip.dragon_stand.north" GUID="Ubemci1Ei0eKNdOJQ5o+wQ==" iconFile="Data/Icons/MasteryPoisonLore.png" iconSize="2" heightOffset="6" miniMapVisibility="0" />
		<POI MapID="1041" xpos="53.1148" ypos="56.7026" zpos="619.906" type="vip.dragon_stand.north" GUID="OZPM5AFVKEuwBbtlJ9+ctg==" iconFile="Data/Icons/EventCollect.png" /> <!-- wyverns -->
        <POI MapID="1041" xpos="-50.9709" ypos="86.0728" zpos="424.829" GUID="hsQA1qUL/keGVJaobTuFAg==" type="vip.dragon_stand.north" iconFile="Data/Icons/EventShield.png" /> <!-- exalted event: bouncing mushrooms help -->
		<POI MapID="1041" xpos="-107.023" ypos="72.7175" zpos="325.784" GUID="KZJdrHs/T0+h+IGY2OlT6Q==" type="vip.dragon_stand.north" iconFile="Data/Icons/EventSwords.png" /> <!-- brambles -->
        <!-- Thornhearts -->
        <POI MapID="1041" xpos="366.09" ypos="106.196" zpos="724.854" GUID="+5eqVHqxyEOHXqyjkUIzVg==" type="vip.dragon_stand.north" iconFile="Data/Icons/EventTarget.png" />
        <POI MapID="1041" xpos="69.3888" ypos="57.3293" zpos="357.947" GUID="nPl97DTFtUS4K5vSrX0N5w==" type="vip.dragon_stand.north" iconFile="Data/Icons/EventTarget.png"/>
        <POI MapID="1041" xpos="-113.905" ypos="54.7473" zpos="286.318" GUID="3iWN7CfOq0uEsvThRmGJKg==" type="vip.dragon_stand.north" iconFile="Data/Icons/EventTarget.png"/>
        <!-- NASCAR/Preservers -->
        <POI MapID="1041" xpos="-360.706" ypos="72.7936" zpos="241.104" GUID="VsZRSTnB5EWVz2sTf0KCaA==" type="vip.dragon_stand.north" iconFile="Data/Icons/EventTarget.png" />
		<POI MapID="1041" xpos="-363.375" ypos="76.0482" zpos="67.2549" GUID="zuZa0ZqLG0yAlFQvMdkxTg==" type="vip.dragon_stand.north" iconFile="Data/Icons/EventTarget.png" />
		<POI MapID="1041" xpos="-291.687" ypos="74.2113" zpos="125.903" GUID="QjBx8L4GR0muNlDXwu/ndg=="type="vip.dragon_stand.north" iconFile="Data/Icons/EventTarget.png" />
        
        <!-- MID -->
        <!-- Trail -->
        <Trail type="vip.dragon_stand.mid" trailData="Data/DragonStand/DragonStandMid.trl" texture="Data/SemiLineMid.png" color="ffff00" alpha="0.8" fadeNear="3000" fadeFar="4000" animSpeed="1" miniMapVisibility="1" mapVisibility="1"/>
        <Trail type="vip.dragon_stand.mid" trailData="Data/DragonStand/DragonStandMid3.trl" texture="Data/SemiLineMid.png" color="ffff00" alpha="0.8" fadeNear="3000" fadeFar="4000" animSpeed="1" miniMapVisibility="1" mapVisibility="1"/>
        <Trail type="vip.dragon_stand.mid" trailData="Data/DragonStand/DragonStandMidNASCAR.trl" texture="Data/SemiLineMid.png" color="ffff00" alpha="0.8" fadeNear="3000" fadeFar="4000" animSpeed="1" miniMapVisibility="1" mapVisibility="1"/>

        <POI MapID="1041" xpos="661.387" ypos="64.5899" zpos="644.17" GUID="tF1P2+y5Tkadn9P10iB5BA==" type="vip.dragon_stand.mid" iconFile="Data/Markers/arrow.png" /> <!-- path to collection event -->
		<POI MapID="1041" xpos="578.15" ypos="52.6674" zpos="646.42" GUID="zcykUWk0qk2tTsWBi6fhNQ==" type="vip.dragon_stand.mid" iconFile="Data/Numbers/1.png" /> <!-- 1st escort -->
		<POI MapID="1041" xpos="578.971" ypos="52.7277" zpos="642.654" GUID="cB5a79bsLk+nj+FOe4t26g==" type="vip.dragon_stand.mid" iconFile="Data/Numbers/2.png" /> <!-- 2nd escort -->
		<POI MapID="1041" xpos="367.53" ypos="64.8186" zpos="327.97" GUID="QJQblsxXiUObPsRWXzHxZA==" type="vip.dragon_stand.mid" iconFile="Data/Icons/MasteryPoisonLore.png" iconSize="2" heightOffset="6" miniMapVisibility="0" /> <!-- scrap metal collection -->
		<POI MapID="1041" xpos="486.565" ypos="68.8707" zpos="325.38" GUID="BCZ3j9qC4UqIampG8sKOfQ==" type="vip.dragon_stand.mid" iconFile="Data/Icons/MasteryPoisonLore.png" iconSize="2" heightOffset="6" miniMapVisibility="0" /> <!-- rescue prisoners -->
		<POI MapID="1041" xpos="376.95" ypos="145.084" zpos="129.852" GUID="txjy40nTo02rx4/RiZ2Itg==" type="vip.dragon_stand.mid" iconFile="Data/Icons/chest.png"/> <!-- strongbox -->

        <!-- Markers -->
        <POI MapID="1041" xpos="632.398"    ypos="82.3697"  zpos="686.502"  type="vip.dragon_stand.mid" iconFile="Data/Icons/EventCollect.png"  GUID="0CcwHMfL5kmnQihQmC4p5Q=="/>
        <POI MapID="1041" xpos="478.754"    ypos="35.6463"  zpos="686.902"  type="vip.dragon_stand.mid" iconFile="Data/Icons/EventShield.png"   GUID="lFy7FYzplEG4OYSzbi8DKg=="/>
        <!-- Thornheart -->
        <POI MapID="1041" xpos="497.899"    ypos="45.5939"  zpos="558.693"  type="vip.dragon_stand.mid" iconFile="Data/Icons/EventTarget.png"   GUID="FhB0mUX1JUCw3zGZhS+hhw=="/>
        <POI MapID="1041" xpos="395.26"     ypos="28.4578"  zpos="504.96"   type="vip.dragon_stand.mid" iconFile="Data/Icons/EventSwords.png"   GUID="Y4JqiJwn1U+9F2KvqJVEJw=="/>
        <POI MapID="1041" xpos="399.082"    ypos="31.4333"  zpos="403.833"  type="vip.dragon_stand.mid" iconFile="Data/Icons/EventSwords.png"   GUID="UV3NErbBaUKB2ukvS1TBSQ=="/>
        <!-- Spitfire + Tenders -->
        <POI MapID="1041" xpos="423.522"    ypos="62.6939"  zpos="325.692"  type="vip.dragon_stand.mid" iconFile="Data/Icons/EventBoss.png"     GUID="TxvJyEPpU0CCTuY5KzArAQ=="/>
        <POI MapID="1041" xpos="450.324"    ypos="71.3299"  zpos="286.625"  type="vip.dragon_stand.mid" iconFile="Data/Icons/EventSwords.png"   GUID="60gKvorMtUOuA8En7sZuIg=="/>
        <POI MapID="1041" xpos="387.685"    ypos="70.0472"  zpos="295.404"  type="vip.dragon_stand.mid" iconFile="Data/Icons/EventSwords.png"   GUID="dkwl2qVvyEGrqIHNnQjuIQ=="/>
        <POI MapID="1041" xpos="401.084"    ypos="72.8678"  zpos="281.176"  type="vip.dragon_stand.mid" iconFile="Data/Icons/EventCollect.png"  GUID="dT3D8CDqPku2b8d+bPFCqw=="/>
        <!-- Thornheart -->
        <POI MapID="1041" xpos="407.563"    ypos="120.846"  zpos="175.506"  type="vip.dragon_stand.mid" iconFile="Data/Icons/EventTarget.png"   GUID="ZI7K8ddYKEqQlHtf4xMHrg=="/>
        <!-- Spitfire + Preservers -->
        <POI MapID="1041" xpos="353.311"    ypos="116.124"  zpos="151.932"  type="vip.dragon_stand.mid" iconFile="Data/Icons/EventBoss.png"     GUID="tVamUDDuTU+vOaujMDbnQQ=="/>
        <POI MapID="1041" xpos="295.477"    ypos="106.227"  zpos="104.187"  type="vip.dragon_stand.mid" iconFile="Data/Icons/EventSwords.png"   GUID="uFzfMkmKJ06eotxKfr750Q=="/>
        <POI MapID="1041" xpos="309.618"    ypos="103.162"  zpos="85.0012"  type="vip.dragon_stand.mid" iconFile="Data/Icons/EventSwords.png"   GUID="Duf+jpzc0ESDjNou2p4zuw=="/>
        <!-- Flamethrower -->
        <!-- POI MapID="1041" xpos="265.357"    ypos="101.151"  zpos="99.6198"  type="dragon_stand"     GUID="v4KAJspGoEmS/Or44B/ReQ=="/ -->
        <POI MapID="1041" xpos="278.743"    ypos="116.967"  zpos="162.148"  type="vip.dragon_stand.mid" iconFile="Data/Icons/EventCollect.png"  GUID="8KRSkOeJX0aadqGU5BdqNg=="/>
        <POI MapID="1041" xpos="311.925"    ypos="102.849"  zpos="87.7598"  type="vip.dragon_stand.mid" iconFile="Data/Markers/Arrow.png"       GUID="8bbTEWdeYEKSzxD86iuc3A=="/>
        <!-- Thornheart -->
        <POI MapID="1041" xpos="178.575"    ypos="106.004"  zpos="-22.7458" type="vip.dragon_stand.mid" iconFile="Data/Icons/EventTarget.png"   GUID="jqYeepIwcEaorJfI2GaPBw=="/>
        <!-- NASCAR/Preservers -->
        <POI MapID="1041" xpos="-8.81766"   ypos="89.2995"  zpos="-178.52"  type="vip.dragon_stand.mid" iconFile="Data/Icons/EventTarget.png"   GUID="zZkhbzvaI0iqdVbRz5AiYQ=="/>
        <POI MapID="1041" xpos="150.9"      ypos="89.9382"  zpos="-240.194" type="vip.dragon_stand.mid" iconFile="Data/Icons/EventTarget.png"   GUID="WCTO2fmmWkOANhputbcsiw=="/>
        <POI MapID="1041" xpos="166.986"    ypos="81.8709"  zpos="-154.697" type="vip.dragon_stand.mid" iconFile="Data/Icons/EventTarget.png"   GUID="93addyjz/kuWDJuf0QdGVQ=="/>
        <!-- Legendary Wyvern -->
        <POI MapID="1041" xpos="-30.9398"   ypos="89.8051"  zpos="430.354"  type="vip.dragon_stand.mid" iconFile=""                             GUID="U9khBNyDjkq+fko5zufHFg=="/>
        
        <!-- SOUTH -->
        <!-- Trail -->  
        <Trail type="vip.dragon_stand.south" trailData="Data/DragonStand/DragonStandSouth1.trl" texture="Data/SemiLineMid.png" color="44f6f6" alpha="0.8" fadeNear="3000" fadeFar="4000" animSpeed="1" miniMapVisibility="1" mapVisibility="1"/>
        <Trail type="vip.dragon_stand.south" trailData="Data/DragonStand/DragonStandSouth2.trl" texture="Data/SemiLineMid.png" color="44f6f6" alpha="0.8" fadeNear="3000" fadeFar="4000" animSpeed="1" miniMapVisibility="1" mapVisibility="1"/>
        <Trail type="vip.dragon_stand.south" trailData="Data/DragonStand/DragonStandSouth3.trl" texture="Data/SemiLineMid.png" color="44f6f6" alpha="0.8" fadeNear="3000" fadeFar="4000" animSpeed="1" miniMapVisibility="1" mapVisibility="1"/>
        <Trail type="vip.dragon_stand.south" trailData="Data/DragonStand/DragonStandSouth4.trl" texture="Data/SemiLineMid.png" color="44f6f6" alpha="0.8" fadeNear="3000" fadeFar="4000" animSpeed="1" miniMapVisibility="1" mapVisibility="1"/>
        <Trail type="vip.dragon_stand.south" trailData="Data/DragonStand/DragonStandSouthNASCAR.trl" texture="Data/SemiLineMid.png" color="44f6f6" alpha="0.8" fadeNear="3000" fadeFar="4000" animSpeed="1" miniMapVisibility="1" mapVisibility="1"/>
        <!-- Markers -->
        <POI MapID="1041" xpos="811.531" ypos="28.7552" zpos="511.566" GUID="e5lBJw57ZkCa55K8FMVlZg==" type="vip.dragon_stand.south" iconFile="Data/Markers/arrow.png" /> <!-- rally point -->
        <POI MapID="1041" xpos="805.002" ypos="41.1195" zpos="434.593" GUID="vJwbjNCKyEy/hbUUtwlWmQ==" type="vip.dragon_stand.south" iconFile="Data/Icons/EventShield.png" /> <!-- escort -->
		<POI MapID="1041" xpos="838.844" ypos="26.0854" zpos="418.322" GUID="cHky4fGbtEKvuLjmtVIPZA==" type="vip.dragon_stand.south" iconFile="Data/Icons/EventCollect.png" /> <!-- collection -->
        <POI MapID="1041" xpos="721.445" ypos="47.6736" zpos="368.001" GUID="lH+ewtfk4kaKutbmQcYIng==" type="vip.dragon_stand.south" iconFile="Data/Icons/chest.png" /> <!-- strongbox -->
        <POI MapID="1041" xpos="864.349" ypos="73.3352" zpos="182.314" GUID="GOzjq4Ye00+6+uoevfbq/g==" type="vip.dragon_stand.south" iconFile="Data/Icons/EventSwords.png" /> <!-- chak: chak masteries help here -->
        <POI MapID="1041" xpos="813.129" ypos="64.3927" zpos="268.624" GUID="5z3jpwe83E2dIeqxQ08Gxw==" type="vip.dragon_stand.south" iconFile="Data/Icons/EventShield.png" /> <!-- escort -->
        <POI MapID="1041" xpos="705.153" ypos="48.8106" zpos="-36.0214" GUID="ELyhuehg2EWcCmIRKblamg==" type="vip.dragon_stand.south" iconFile="Data/Icons/EventSwords.png" /> <!-- chak + poison lore + beetles -->
        <POI MapID="1041" xpos="705.153" ypos="48.8106" zpos="-36.0214" GUID="0pBUmhkHEkewZCrn0d6XWg==" type="vip.dragon_stand.south" iconFile="Data/Icons/MasteryPoisonLore.png" iconSize="2" heightOffset="6" miniMapVisibility="0" />
		<POI MapID="1041" xpos="662.338" ypos="41.9758" zpos="-31.5994" GUID="FxMV0f0fjE2kKhf1DF78dw==" type="vip.dragon_stand.south" iconFile="Data/Icons/EventShield.png" /> <!-- escort -->
        <!-- NASCAR/Preservers -->
        <POI MapID="1041" xpos="376.254" ypos="82.2275" zpos="-351.744" GUID="Ae8B9yUEQU2MrHfMSYhSvg==" type="vip.dragon_stand.south" iconFile="Data/Icons/EventTarget.png" />
		<POI MapID="1041" xpos="303.177" ypos="88.8201" zpos="-284.646" GUID="Sly7wxPVeUiwT5Paqa4F/A==" type="vip.dragon_stand.south" iconFile="Data/Icons/EventTarget.png" />
		<POI MapID="1041" xpos="352.941" ypos="90.0736" zpos="-427.47" GUID="QBYTYwrIxU67qi1GAExq6g==" type="vip.dragon_stand.south" iconFile="Data/Icons/EventTarget.png" />

        <!-- Mordremoth Islands -->
        <POI MapID="1041" xpos="-391.949"   ypos="124.476"  zpos="-299.422" type="vip.dragon_stand" iconFile="Data/Numbers/1.png"           GUID="BNCK+omdukuUullDERqZpA=="/>
        <POI MapID="1041" xpos="-427.94"    ypos="124.483"  zpos="-171.664" type="vip.dragon_stand" iconFile="Data/Numbers/2.png"           GUID="kk0WzcNkeE6cFLr93xIP2g=="/>
        <POI MapID="1041" xpos="-271.573"   ypos="124.481"  zpos="-315.678" type="vip.dragon_stand" iconFile="Data/Numbers/3.png"           GUID="+sRbNuKlLE+ww9KQDm3HqA=="/>
        <POI MapID="1041" xpos="-360.873"   ypos="124.477"  zpos="-412.967" type="vip.dragon_stand" iconFile="Data/Numbers/4.png"           GUID="8O4dIVeFG0yGFvBsdRZmEg=="/>
        <POI MapID="1041" xpos="-507.361"   ypos="124.517"  zpos="-269.782" type="vip.dragon_stand" iconFile="Data/Numbers/5.png"           GUID="gme+eKc1rEWlq6Vi/mmnqA=="/>
        <POI MapID="1041" xpos="-550.966"   ypos="124.484"  zpos="-146.75"  type="vip.dragon_stand" iconFile="Data/Numbers/6.png"           GUID="IYOgB+TJPUmzMubi06nYyQ=="/>
        <POI MapID="1041" xpos="-231.567"   ypos="124.48"   zpos="-434.54"  type="vip.dragon_stand" iconFile="Data/Numbers/7.png"           GUID="BVccPdMqbkyx4u77ztDRHA=="/>
        <POI MapID="1041" xpos="-324.822"   ypos="124.53"   zpos="-523.93"  type="vip.dragon_stand" iconFile="Data/Numbers/8.png"           GUID="sRLoKaSYWkW9CH50orwlrQ=="/>
        <POI MapID="1041" xpos="-629.159"   ypos="124.827"  zpos="-249.46"  type="vip.dragon_stand" iconFile="Data/Numbers/9.png"           GUID="D/zIOGa/4k+G4ybGYe64OA=="/>

        <!-- PETS -->
        <!-- Trail -->
        <Trail type="vip.dragon_stand.pets" trailData="Data/DragonStand/DragonStandMid2.trl" texture="Data/SemiLineMid.png" color="814a96" alpha="0.8" fadeNear="3000" fadeFar="4000" animSpeed="1" miniMapVisibility="1" mapVisibility="1"/>
        <!-- Markers -->
        <POI MapID="1041" xpos="-180.934" ypos="101.493" zpos="105.399" GUID="CJWtAWHUiUK0ngLbmwFOjw==" type="vip.dragon_stand.pets" iconFile="Data/Icons/Pet.png"/> <!-- Tiger -->
        <POI MapID="1041" xpos="309.568" ypos="196.843" zpos="234.321" GUID="zfjlF9E+bUeBLRFPFJWlSw==" type="vip.dragon_stand.pets" iconFile="Data/Icons/Pet.png"/> <!-- Electric Wyvern -->
        
    </POIs>
</OverlayData>
