<OverlayData>
    <MarkerCategory name="vip" DisplayName="ViP 6th Birthday">
        <MarkerCategory name="party" DisplayName="Parade"/>
    </MarkerCategory>
    <POIs>
        <Trail type="vip.party" trailData="Party/maelstrom.trl" texture="Data/SemiLineMid.png" color="f2ff00" alpha="0.8" fadeNear="3000" fadeFar="4000" animSpeed="1" miniMapVisibility="1" mapVisibility="1"/>
        <Trail type="vip.party" trailData="Party/lornars.trl" texture="Data/SemiLineMid.png" color="f2ff00" alpha="0.8" fadeNear="3000" fadeFar="4000" animSpeed="1" miniMapVisibility="1" mapVisibility="1"/>
        <Trail type="vip.party" trailData="Party/timberline.trl" texture="Data/SemiLineMid.png" color="f2ff00" alpha="0.8" fadeNear="3000" fadeFar="4000" animSpeed="1" miniMapVisibility="1" mapVisibility="1"/>
        <Trail type="vip.party" trailData="Party/gendarran.trl" texture="Data/SemiLineMid.png" color="f2ff00" alpha="0.8" fadeNear="3000" fadeFar="4000" animSpeed="1" miniMapVisibility="1" mapVisibility="1"/>
    </POIs>
</OverlayData>